year,round,number,driver,raw_status,counted_retirement,category,result_url,cause_source,additional_source,note
2014,1,8,Romain GrosjeanGRO,DNF,1,,https://www.formula1.com/en/results/2014/races/898/australia/race-result,,,
2014,1,13,Pastor MaldonadoMAL,DNF,1,,https://www.formula1.com/en/results/2014/races/898/australia/race-result,,,
2014,1,9,Marcus EricssonERI,DNF,1,,https://www.formula1.com/en/results/2014/races/898/australia/race-result,,,
2014,1,1,Sebastian VettelVET,DNF,1,,https://www.formula1.com/en/results/2014/races/898/australia/race-result,,,
2014,1,44,Lewis HamiltonHAM,DNF,1,,https://www.formula1.com/en/results/2014/races/898/australia/race-result,,,
2014,1,19,Felipe MassaMAS,DNF,1,,https://www.formula1.com/en/results/2014/races/898/australia/race-result,,,
2014,1,10,Kamui KobayashiKOB,DNF,1,,https://www.formula1.com/en/results/2014/races/898/australia/race-result,,,
2014,2,3,Daniel RicciardoRIC,DNF,1,,https://www.formula1.com/en/results/2014/races/899/malaysia/race-result,,,
2014,2,21,Esteban Gutierrez GUT,DNF,1,,https://www.formula1.com/en/results/2014/races/899/malaysia/race-result,,,
2014,2,99,Adrian SutilSUT,DNF,1,,https://www.formula1.com/en/results/2014/races/899/malaysia/race-result,,,
2014,2,25,Jean-Eric VergneVER,DNF,1,,https://www.formula1.com/en/results/2014/races/899/malaysia/race-result,,,
2014,2,17,Jules BianchiBIA,DNF,1,,https://www.formula1.com/en/results/2014/races/899/malaysia/race-result,,,
2014,2,13,Pastor MaldonadoMAL,DNF,1,,https://www.formula1.com/en/results/2014/races/899/malaysia/race-result,,,
2014,3,22,Jenson ButtonBUT,DNF,1,,https://www.formula1.com/en/results/2014/races/900/bahrain/race-result,,,
2014,3,20,Kevin MagnussenMAG,DNF,1,,https://www.formula1.com/en/results/2014/races/900/bahrain/race-result,,,
2014,3,21,Esteban Gutierrez GUT,DNF,1,,https://www.formula1.com/en/results/2014/races/900/bahrain/race-result,,,
2014,3,9,Marcus EricssonERI,DNF,1,,https://www.formula1.com/en/results/2014/races/900/bahrain/race-result,,,
2014,3,25,Jean-Eric VergneVER,DNF,1,,https://www.formula1.com/en/results/2014/races/900/bahrain/race-result,,,
2014,3,99,Adrian SutilSUT,DNF,1,,https://www.formula1.com/en/results/2014/races/900/bahrain/race-result,,,
2014,4,8,Romain GrosjeanGRO,DNF,1,,https://www.formula1.com/en/results/2014/races/901/china/race-result,,,
2014,4,99,Adrian SutilSUT,DNF,1,,https://www.formula1.com/en/results/2014/races/901/china/race-result,,,
2014,5,10,Kamui KobayashiKOB,DNF,1,,https://www.formula1.com/en/results/2014/races/902/spain/race-result,,,
2014,5,25,Jean-Eric VergneVER,DNF,1,,https://www.formula1.com/en/results/2014/races/902/spain/race-result,,,
2014,6,21,Esteban Gutierrez GUT,DNF,1,,https://www.formula1.com/en/results/2014/races/903/monaco/race-result,,,
2014,6,77,Valtteri BottasBOT,DNF,1,,https://www.formula1.com/en/results/2014/races/903/monaco/race-result,,,
2014,6,25,Jean-Eric VergneVER,DNF,1,,https://www.formula1.com/en/results/2014/races/903/monaco/race-result,,,
2014,6,99,Adrian SutilSUT,DNF,1,,https://www.formula1.com/en/results/2014/races/903/monaco/race-result,,,
2014,6,26,Daniil KvyatKVY,DNF,1,,https://www.formula1.com/en/results/2014/races/903/monaco/race-result,,,
2014,6,1,Sebastian VettelVET,DNF,1,,https://www.formula1.com/en/results/2014/races/903/monaco/race-result,,,
2014,6,11,Sergio PerezPER,DNF,1,,https://www.formula1.com/en/results/2014/races/903/monaco/race-result,,,
2014,7,11,Sergio PerezPER,DNF,1,,https://www.formula1.com/en/results/2014/races/904/canada/race-result,,,
2014,7,19,Felipe MassaMAS,DNF,1,,https://www.formula1.com/en/results/2014/races/904/canada/race-result,,,
2014,7,21,Esteban Gutierrez GUT,DNF,1,,https://www.formula1.com/en/results/2014/races/904/canada/race-result,,,
2014,7,8,Romain GrosjeanGRO,DNF,1,,https://www.formula1.com/en/results/2014/races/904/canada/race-result,,,
2014,7,26,Daniil KvyatKVY,DNF,1,,https://www.formula1.com/en/results/2014/races/904/canada/race-result,,,
2014,7,44,Lewis HamiltonHAM,DNF,1,,https://www.formula1.com/en/results/2014/races/904/canada/race-result,,,
2014,7,10,Kamui KobayashiKOB,DNF,1,,https://www.formula1.com/en/results/2014/races/904/canada/race-result,,,
2014,7,13,Pastor MaldonadoMAL,DNF,1,,https://www.formula1.com/en/results/2014/races/904/canada/race-result,,,
2014,7,9,Marcus EricssonERI,DNF,1,,https://www.formula1.com/en/results/2014/races/904/canada/race-result,,,
2014,7,4,Max ChiltonCHI,DNF,1,,https://www.formula1.com/en/results/2014/races/904/canada/race-result,,,
2014,7,17,Jules BianchiBIA,DNF,1,,https://www.formula1.com/en/results/2014/races/904/canada/race-result,,,
2014,8,25,Jean-Eric VergneVER,DNF,1,,https://www.formula1.com/en/results/2014/races/905/austria/race-result,,,
2014,8,1,Sebastian VettelVET,DNF,1,,https://www.formula1.com/en/results/2014/races/905/austria/race-result,,,
2014,8,26,Daniil KvyatKVY,DNF,1,,https://www.formula1.com/en/results/2014/races/905/austria/race-result,,,
2014,9,13,Pastor MaldonadoMAL,DNF,1,,https://www.formula1.com/en/results/2014/races/906/great-britain/race-result,,,
2014,9,6,Nico RosbergROS,DNF,1,,https://www.formula1.com/en/results/2014/races/906/great-britain/race-result,,,
2014,9,9,Marcus EricssonERI,DNF,1,,https://www.formula1.com/en/results/2014/races/906/great-britain/race-result,,,
2014,9,21,Esteban Gutierrez GUT,DNF,1,,https://www.formula1.com/en/results/2014/races/906/great-britain/race-result,,,
2014,9,19,Felipe MassaMAS,DNF,1,,https://www.formula1.com/en/results/2014/races/906/great-britain/race-result,,,
2014,9,7,Kimi RäikkönenRAI,DNF,1,,https://www.formula1.com/en/results/2014/races/906/great-britain/race-result,,,
2014,10,99,Adrian SutilSUT,DNF,1,,https://www.formula1.com/en/results/2014/races/907/germany/race-result,,,
2014,10,26,Daniil KvyatKVY,DNF,1,,https://www.formula1.com/en/results/2014/races/907/germany/race-result,,,
2014,10,8,Romain GrosjeanGRO,DNF,1,,https://www.formula1.com/en/results/2014/races/907/germany/race-result,,,
2014,10,19,Felipe MassaMAS,DNF,1,,https://www.formula1.com/en/results/2014/races/907/germany/race-result,,,
2014,11,21,Esteban Gutierrez GUT,DNF,1,,https://www.formula1.com/en/results/2014/races/908/hungary/race-result,,,
2014,11,10,Kamui KobayashiKOB,DNF,1,,https://www.formula1.com/en/results/2014/races/908/hungary/race-result,,,
2014,11,11,Sergio PerezPER,DNF,1,,https://www.formula1.com/en/results/2014/races/908/hungary/race-result,,,
2014,11,27,Nico HulkenbergHUL,DNF,1,,https://www.formula1.com/en/results/2014/races/908/hungary/race-result,,,
2014,11,8,Romain GrosjeanGRO,DNF,1,,https://www.formula1.com/en/results/2014/races/908/hungary/race-result,,,
2014,11,9,Marcus EricssonERI,DNF,1,,https://www.formula1.com/en/results/2014/races/908/hungary/race-result,,,
2014,12,17,Jules BianchiBIA,DNF,1,,https://www.formula1.com/en/results/2014/races/909/belgium/race-result,,,
2014,12,44,Lewis HamiltonHAM,DNF,1,,https://www.formula1.com/en/results/2014/races/909/belgium/race-result,,,
2014,12,8,Romain GrosjeanGRO,DNF,1,,https://www.formula1.com/en/results/2014/races/909/belgium/race-result,,,
2014,12,13,Pastor MaldonadoMAL,DNF,1,,https://www.formula1.com/en/results/2014/races/909/belgium/race-result,,,
2014,12,45,Andre LottererLOT,DNF,1,,https://www.formula1.com/en/results/2014/races/909/belgium/race-result,,,
2014,13,14,Fernando AlonsoALO,DNF,1,,https://www.formula1.com/en/results/2014/races/910/italy/race-result,,,
2014,13,4,Max ChiltonCHI,DNF,1,,https://www.formula1.com/en/results/2014/races/910/italy/race-result,,,
2014,14,22,Jenson ButtonBUT,DNF,1,,https://www.formula1.com/en/results/2014/races/911/singapore/race-result,,,
2014,14,99,Adrian SutilSUT,DNF,1,,https://www.formula1.com/en/results/2014/races/911/singapore/race-result,,,
2014,14,21,Esteban Gutierrez GUT,DNF,1,,https://www.formula1.com/en/results/2014/races/911/singapore/race-result,,,
2014,14,6,Nico RosbergROS,DNF,1,,https://www.formula1.com/en/results/2014/races/911/singapore/race-result,,,
2014,15,11,Sergio PerezPER,DNF,0,,https://www.formula1.com/en/results/2014/races/912/japan/race-result,,,F1 contemporary report says Perez finished tenth; override DNF label.
2014,15,17,Jules BianchiBIA,DNF,1,,https://www.formula1.com/en/results/2014/races/912/japan/race-result,,,
2014,15,99,Adrian SutilSUT,DNF,1,,https://www.formula1.com/en/results/2014/races/912/japan/race-result,,,
2014,15,14,Fernando AlonsoALO,DNF,1,,https://www.formula1.com/en/results/2014/races/912/japan/race-result,,,
2014,16,10,Kamui KobayashiKOB,DNF,1,,https://www.formula1.com/en/results/2014/races/913/russia/race-result,,,
2014,16,4,Max ChiltonCHI,DNF,1,,https://www.formula1.com/en/results/2014/races/913/russia/race-result,,,
2014,17,27,Nico HulkenbergHUL,DNF,1,,https://www.formula1.com/en/results/2014/races/914/united-states/race-result,,,
2014,17,11,Sergio PerezPER,DNF,1,,https://www.formula1.com/en/results/2014/races/914/united-states/race-result,,,
2014,17,99,Adrian SutilSUT,DNF,1,,https://www.formula1.com/en/results/2014/races/914/united-states/race-result,,,
2014,18,8,Romain GrosjeanGRO,DNF,1,,https://www.formula1.com/en/results/2014/races/915/brazil/race-result,,,
2014,18,3,Daniel RicciardoRIC,DNF,1,,https://www.formula1.com/en/results/2014/races/915/brazil/race-result,,,
2014,19,10,Kamui KobayashiKOB,DNF,1,,https://www.formula1.com/en/results/2014/races/916/abu-dhabi/race-result,,,
2014,19,13,Pastor MaldonadoMAL,DNF,1,,https://www.formula1.com/en/results/2014/races/916/abu-dhabi/race-result,,,
2014,19,26,Daniil KvyatKVY,DNF,1,,https://www.formula1.com/en/results/2014/races/916/abu-dhabi/race-result,,,
2024,2,18,Lance StrollSTR,DNF,1,incident,https://www.formula1.com/en/results/2024/races/1230/saudi-arabia/race-result,https://www.fia.com/news/f1-verstappen-leads-perez-and-red-bull-dominant-1-2-win-saudi-arabia-ahead-leclerc,,
2024,2,10,Pierre GaslyGAS,DNF,1,technical_or_other,https://www.formula1.com/en/results/2024/races/1230/saudi-arabia/race-result,https://www.fia.com/news/f1-verstappen-leads-perez-and-red-bull-dominant-1-2-win-saudi-arabia-ahead-leclerc,,
2024,3,63,George RussellRUS,DNF,1,incident,https://www.formula1.com/en/results/2024/races/1231/australia/race-result,https://www.fia.com/news/f1-sainz-leads-emotional-ferrari-1-2-australia-verstappen-fails-finish,,
2024,3,44,Lewis HamiltonHAM,DNF,1,technical_or_other,https://www.formula1.com/en/results/2024/races/1231/australia/race-result,https://www.fia.com/news/f1-sainz-leads-emotional-ferrari-1-2-australia-verstappen-fails-finish,,
2024,3,1,Max VerstappenVER,DNF,1,technical_or_other,https://www.formula1.com/en/results/2024/races/1231/australia/race-result,https://www.fia.com/news/f1-sainz-leads-emotional-ferrari-1-2-australia-verstappen-fails-finish,,
2024,4,24,Zhou GuanyuZHO,DNF,1,technical_or_other,https://www.formula1.com/en/results/2024/races/1232/japan/race-result,https://www.fia.com/news/f1-verstappen-takes-dominant-win-japan-red-bull-seal-1-2,,
2024,4,3,Daniel RicciardoRIC,DNF,1,incident,https://www.formula1.com/en/results/2024/races/1232/japan/race-result,https://www.fia.com/news/f1-verstappen-takes-dominant-win-japan-red-bull-seal-1-2,,
2024,4,23,Alexander AlbonALB,DNF,1,incident,https://www.formula1.com/en/results/2024/races/1232/japan/race-result,https://www.fia.com/news/f1-verstappen-takes-dominant-win-japan-red-bull-seal-1-2,,
2024,5,3,Daniel RicciardoRIC,DNF,1,incident,https://www.formula1.com/en/results/2024/races/1233/china/race-result,https://www.fia.com/news/f1-verstappen-wins-action-packed-chinese-grand-prix-ahead-norris-perez,,
2024,5,22,Yuki TsunodaTSU,DNF,1,incident,https://www.formula1.com/en/results/2024/races/1233/china/race-result,https://www.fia.com/news/f1-verstappen-wins-action-packed-chinese-grand-prix-ahead-norris-perez,,
2024,5,77,Valtteri BottasBOT,DNF,1,technical_or_other,https://www.formula1.com/en/results/2024/races/1233/china/race-result,https://www.fia.com/news/f1-verstappen-wins-action-packed-chinese-grand-prix-ahead-norris-perez,,
2024,6,2,Logan SargeantSAR,DNF,1,incident,https://www.formula1.com/en/results/2024/races/1234/miami/race-result,https://www.fia.com/news/f1-norris-takes-maiden-f1-win-miami-ahead-verstappen-and-leclerc,,
2024,7,23,Alexander AlbonALB,DNF,1,technical_or_other,https://www.formula1.com/en/results/2024/races/1235/emilia-romagna/race-result,https://www.fia.com/news/f1-verstappen-holds-late-race-charge-norris-take-imola-win,,
2024,8,31,Esteban OconOCO,DNF,1,incident,https://www.formula1.com/en/results/2024/races/1236/monaco/race-result,https://www.fia.com/news/f1-leclerc-takes-emotional-home-win-monaco-ahead-piastri-and-sainz,,
2024,8,11,Sergio PerezPER,DNF,1,incident,https://www.formula1.com/en/results/2024/races/1236/monaco/race-result,https://www.fia.com/news/f1-leclerc-takes-emotional-home-win-monaco-ahead-piastri-and-sainz,,
2024,8,27,Nico HulkenbergHUL,DNF,1,incident,https://www.formula1.com/en/results/2024/races/1236/monaco/race-result,https://www.fia.com/news/f1-leclerc-takes-emotional-home-win-monaco-ahead-piastri-and-sainz,,
2024,8,20,Kevin MagnussenMAG,DNF,1,incident,https://www.formula1.com/en/results/2024/races/1236/monaco/race-result,https://www.fia.com/news/f1-leclerc-takes-emotional-home-win-monaco-ahead-piastri-and-sainz,,
2024,9,55,Carlos SainzSAI,DNF,1,incident,https://www.formula1.com/en/results/2024/races/1237/canada/race-result,https://www.fia.com/news/f1-verstappen-makes-right-calls-win-rain-affected-canadian-gp-ahead-norris-and-russell,,
2024,9,23,Alexander AlbonALB,DNF,1,incident,https://www.formula1.com/en/results/2024/races/1237/canada/race-result,https://www.fia.com/news/f1-verstappen-makes-right-calls-win-rain-affected-canadian-gp-ahead-norris-and-russell,,
2024,9,11,Sergio PerezPER,DNF,1,incident,https://www.formula1.com/en/results/2024/races/1237/canada/race-result,https://www.fia.com/news/f1-verstappen-makes-right-calls-win-rain-affected-canadian-gp-ahead-norris-and-russell,,
2024,9,16,Charles LeclercLEC,DNF,1,technical_or_other,https://www.formula1.com/en/results/2024/races/1237/canada/race-result,https://www.fia.com/news/f1-verstappen-makes-right-calls-win-rain-affected-canadian-gp-ahead-norris-and-russell,,
2024,9,2,Logan SargeantSAR,DNF,1,incident,https://www.formula1.com/en/results/2024/races/1237/canada/race-result,https://www.fia.com/news/f1-verstappen-makes-right-calls-win-rain-affected-canadian-gp-ahead-norris-and-russell,,
2024,11,4,Lando NorrisNOR,+7 laps,1,incident,https://www.formula1.com/en/results/2024/races/1239/austria/race-result,https://www.fia.com/news/f1-george-russell-takes-surprise-austria-win-verstappen-and-norris-collide,,FIA report confirms Norris retired following collision; override +7 laps label.
2024,12,63,George RussellRUS,DNF,1,technical_or_other,https://www.formula1.com/en/results/2024/races/1240/great-britain/race-result,,,
2024,13,10,Pierre GaslyGAS,DNF,1,technical_or_other,https://www.formula1.com/en/results/2024/races/1241/hungary/race-result,,,
2024,14,24,Zhou GuanyuZHO,DNF,1,technical_or_other,https://www.formula1.com/en/results/2024/races/1242/belgium/race-result,https://www.fia.com/news/f1-russell-springs-strategic-surprise-take-belgian-gp-win-hamilton-completes-mercedes-1-2,,
2024,16,22,Yuki TsunodaTSU,DNF,1,incident,https://www.formula1.com/en/results/2024/races/1244/italy/race-result,https://www.fia.com/news/f1-leclerc-wins-ahead-mclaren-duo-ferraris-one-stop-monza-gamble-pays,https://www.formula1.com/en/latest/article/great-shame-for-tsunoda-as-he-endures-back-to-back-dnfs-and-rues-unnecessary.7qbXFxDaosgh1mSt0ZK1eV,
2024,17,11,Sergio PerezPER,DNF,1,incident,https://www.formula1.com/en/results/2024/races/1245/azerbaijan/race-result,https://www.fia.com/news/f1-piastri-beats-leclerc-win-thrilling-azerbaijan-gp-perez-and-sainz-collide,,
2024,17,55,Carlos SainzSAI,DNF,1,incident,https://www.formula1.com/en/results/2024/races/1245/azerbaijan/race-result,https://www.fia.com/news/f1-piastri-beats-leclerc-win-thrilling-azerbaijan-gp-perez-and-sainz-collide,,
2024,17,18,Lance StrollSTR,DNF,1,technical_or_other,https://www.formula1.com/en/results/2024/races/1245/azerbaijan/race-result,https://www.fia.com/news/f1-piastri-beats-leclerc-win-thrilling-azerbaijan-gp-perez-and-sainz-collide,,
2024,17,22,Yuki TsunodaTSU,DNF,1,incident,https://www.formula1.com/en/results/2024/races/1245/azerbaijan/race-result,https://www.fia.com/news/f1-piastri-beats-leclerc-win-thrilling-azerbaijan-gp-perez-and-sainz-collide,,
2024,18,20,Kevin MagnussenMAG,DNF,1,incident,https://www.formula1.com/en/results/2024/races/1246/singapore/race-result,https://www.fia.com/news/f1-norris-dominates-take-crushing-singapore-win-ahead-verstappen-and-piastri,https://www.haasf1team.com/news/singapore-grand-prix-race-recap-5,
2024,18,23,Alexander AlbonALB,DNF,1,technical_or_other,https://www.formula1.com/en/results/2024/races/1246/singapore/race-result,https://www.fia.com/news/f1-norris-dominates-take-crushing-singapore-win-ahead-verstappen-and-piastri,https://www.haasf1team.com/news/singapore-grand-prix-race-recap-5,
2024,19,44,Lewis HamiltonHAM,DNF,1,incident,https://www.formula1.com/en/results/2024/races/1247/united-states/race-result,,https://www.mercedesamgf1.com/reports/strong-recovery-for-george-at-the-united-states-gp-in-austin,
2024,20,14,Fernando AlonsoALO,DNF,1,technical_or_other,https://www.formula1.com/en/results/2024/races/1248/mexico/race-result,https://www.fia.com/news/f1-sainz-takes-mexico-city-win-ahead-norris-and-leclerc-verstappen-finishes-sixth-after,,
2024,20,23,Alexander AlbonALB,DNF,1,incident,https://www.formula1.com/en/results/2024/races/1248/mexico/race-result,https://www.fia.com/news/f1-sainz-takes-mexico-city-win-ahead-norris-and-leclerc-verstappen-finishes-sixth-after,,
2024,20,22,Yuki TsunodaTSU,DNF,1,incident,https://www.formula1.com/en/results/2024/races/1248/mexico/race-result,https://www.fia.com/news/f1-sainz-takes-mexico-city-win-ahead-norris-and-leclerc-verstappen-finishes-sixth-after,,
2024,21,55,Carlos SainzSAI,DNF,1,incident,https://www.formula1.com/en/results/2024/races/1249/brazil/race-result,https://www.fia.com/news/f1-vestappen-takes-stunning-sao-paulo-win-p17-grid-alpine-score-double-podium,,
2024,21,43,Franco ColapintoCOL,DNF,1,incident,https://www.formula1.com/en/results/2024/races/1249/brazil/race-result,https://www.fia.com/news/f1-vestappen-takes-stunning-sao-paulo-win-p17-grid-alpine-score-double-podium,,
2024,22,23,Alexander AlbonALB,DNF,1,technical_or_other,https://www.formula1.com/en/results/2024/races/1250/las-vegas/race-result,https://www.fia.com/news/f1-verstappen-seals-fourth-title-vegas-russell-takes-dominant-win,,
2024,22,10,Pierre GaslyGAS,DNF,1,technical_or_other,https://www.formula1.com/en/results/2024/races/1250/las-vegas/race-result,https://www.fia.com/news/f1-verstappen-seals-fourth-title-vegas-russell-takes-dominant-win,,
2024,23,27,Nico HulkenbergHUL,DNF,1,incident,https://www.formula1.com/en/results/2024/races/1251/qatar/race-result,https://www.fia.com/news/f1-verstappen-takes-controlled-qatar-grand-prix-after-norris-drops-back-due-penalty,https://www.astonmartinf1.com/en-GB/news/on-track/the-debrief-by-aramco-qatar-grand-prix,
2024,23,11,Sergio PerezPER,DNF,1,mixed,https://www.formula1.com/en/results/2024/races/1251/qatar/race-result,https://www.fia.com/news/f1-verstappen-takes-controlled-qatar-grand-prix-after-norris-drops-back-due-penalty,https://www.astonmartinf1.com/en-GB/news/on-track/the-debrief-by-aramco-qatar-grand-prix,
2024,23,18,Lance StrollSTR,DNF,1,mixed,https://www.formula1.com/en/results/2024/races/1251/qatar/race-result,https://www.fia.com/news/f1-verstappen-takes-controlled-qatar-grand-prix-after-norris-drops-back-due-penalty,https://www.astonmartinf1.com/en-GB/news/on-track/the-debrief-by-aramco-qatar-grand-prix,
2024,23,43,Franco ColapintoCOL,DNF,1,incident,https://www.formula1.com/en/results/2024/races/1251/qatar/race-result,https://www.fia.com/news/f1-verstappen-takes-controlled-qatar-grand-prix-after-norris-drops-back-due-penalty,https://www.astonmartinf1.com/en-GB/news/on-track/the-debrief-by-aramco-qatar-grand-prix,
2024,23,31,Esteban OconOCO,DNF,1,incident,https://www.formula1.com/en/results/2024/races/1251/qatar/race-result,https://www.fia.com/news/f1-verstappen-takes-controlled-qatar-grand-prix-after-norris-drops-back-due-penalty,https://www.astonmartinf1.com/en-GB/news/on-track/the-debrief-by-aramco-qatar-grand-prix,
2024,24,30,Liam LawsonLAW,DNF,1,technical_or_other,https://www.formula1.com/en/results/2024/races/1252/abu-dhabi/race-result,https://www.fia.com/news/f1-norris-takes-abu-dhabi-win-ahead-ferraris-seal-constructors-title-mclaren,,
2024,24,77,Valtteri BottasBOT,DNF,1,incident,https://www.formula1.com/en/results/2024/races/1252/abu-dhabi/race-result,https://www.fia.com/news/f1-norris-takes-abu-dhabi-win-ahead-ferraris-seal-constructors-title-mclaren,,
2024,24,43,Franco ColapintoCOL,DNF,1,technical_or_other,https://www.formula1.com/en/results/2024/races/1252/abu-dhabi/race-result,https://www.fia.com/news/f1-norris-takes-abu-dhabi-win-ahead-ferraris-seal-constructors-title-mclaren,,
2024,24,11,Sergio PerezPER,DNF,1,incident,https://www.formula1.com/en/results/2024/races/1252/abu-dhabi/race-result,https://www.fia.com/news/f1-norris-takes-abu-dhabi-win-ahead-ferraris-seal-constructors-title-mclaren,,
